Nome,Status,Ativa,Objetivo,Início,Fim,Critério de pronto,Risco
Sprint 0 — Fundação,Concluída,Não,"Projeto de pé: repositório, banco, autenticação, CI/CD e design system",2026-01-05,2026-01-18,"docker-compose sobe tudo; login funciona; CI verde em cada PR",Baixo
Sprint 1 — Dados de saúde,Em validação,Não,"Ler batimentos do Apple Health e do Health Connect e gravar no banco",2026-01-19,2026-02-01,"Uma pessoa real conecta o relógio e vê os batimentos do dia no app",Alto
Sprint 2 — Eventos e picos,Em validação,Não,"Trazer setlists e lances de jogos e casar com os picos de batimento",2026-02-02,2026-02-15,"Um show real da Setlist.fm aparece com os picos apontando para as músicas certas",Médio
Sprint 3 — Visualização,Concluída,Não,"A curva animada de batimentos com os momentos marcados",2026-02-16,2026-03-01,"A tela de experiência roda a 60fps no celular e conta a história do evento",Baixo
Sprint 4 — Motor de conteúdo,Em validação,Não,"Gerar o card compartilhável e publicar nas redes",2026-03-02,2026-03-15,"Card gerado em menos de 5s e postado no Instagram sem perder qualidade",Médio
Sprint 5 — Perfil e coleção,Em validação,Não,"Galeria pessoal, perfil público e PWA instalável",2026-03-16,2026-03-29,"App instala na tela inicial e o perfil público abre para quem não tem conta",Baixo
Sprint 6 — Lançamento beta,Em andamento,Sim,"50 pessoas usando a TumTum em eventos reais em São Paulo",2026-03-30,2026-04-12,"50 beta testers cadastrados, 3 eventos-piloto cobertos, telemetria ligada",Alto
Marco — Veredicto da Fase 0,Planejada,Não,"Decidir com dados se a TumTum continua, muda de rumo ou para",2026-05-01,2026-05-15,"Todas as hipóteses críticas com status Confirmada ou Refutada e uma decisão escrita",Alto
Fase 1 — Hardware próprio,Planejada,Não,"Pulseira TumTum: só começa se a Fase 0 validar a demanda",,,"Fase 0 confirmada e orçamento aprovado",Alto
